{"_wandb":{"runtime":33603},"train/router_z_loss":0,"train/sampling_acc":0.9084,"train/sampling_topk_acc":0,"_runtime":33603,"_step":179,"train/global_step":17800,"train/grad_norm":10.631077766418455,"train/loss":17.6515,"train/learning_rate":0.0004686047402353433,"_timestamp":1.755750531324607e+09,"train/epoch":14.01144,"train/sampling_loss":0.2197}