{"train/sampling_loss":0.6452,"train/sampling_topk_acc":0,"train/epoch":0.0006666666666666666,"_timestamp":1.7558559449656572e+09,"train/loss":56.1299,"train/sampling_acc":0.8266,"train/grad_norm":3536.5576171875,"_runtime":193,"train/learning_rate":3e-06,"_step":3,"train/router_z_loss":4.9735,"train/global_step":100,"_wandb":{"runtime":193}}