{"train/global_step":17800,"train/router_z_loss":0,"_wandb":{"runtime":33614},"train/loss":17.6515,"train/sampling_topk_acc":0,"train/sampling_acc":0.9084,"_step":179,"train/grad_norm":10.631077766418455,"train/learning_rate":0.0004686047402353433,"_runtime":33614,"train/epoch":14.01144,"train/sampling_loss":0.2197,"_timestamp":1.755750531324607e+09}