{"train/sampling_topk_acc":0,"train/global_step":150,"train/grad_norm":273.78155517578125,"train/router_z_loss":0.6313,"train/loss":27.8684,"train/epoch":0.01,"_runtime":14482,"_wandb":{"runtime":14482},"train/sampling_acc":0.6735,"train/sampling_loss":0.6831,"_step":273,"train/learning_rate":7.142857142857143e-06,"_timestamp":1.7557812652108052e+09}