{"train/sampling_loss":0.6831,"train/loss":27.8684,"train/sampling_topk_acc":0,"train/epoch":0.01,"train/sampling_acc":0.6735,"_wandb":{"runtime":14478},"train/global_step":150,"train/learning_rate":7.142857142857143e-06,"_step":273,"train/router_z_loss":0.6313,"_timestamp":1.7557812652108052e+09,"train/grad_norm":273.78155517578125,"_runtime":14478}