{"_timestamp":1.7558349411141942e+09,"train/loss":12.0473,"_runtime":47162,"_wandb":{"runtime":47162},"train/grad_norm":22.738924026489258,"_step":786,"train/epoch":14.00958,"train/router_z_loss":2.2629,"train/sampling_acc":0.8853,"train/sampling_loss":0.6577,"train/learning_rate":0.0001,"train/global_step":36000,"train/sampling_topk_acc":0}